{"_currentLevel":{"_value":0},"_currentLevelStage":{"_value":0},"_money":{"_value":9211282},"_crystals":{"_value":20},"_armor":{"_value":0.3110526204109192,"_level":13},"_aura":{"_value":105.73684692382813,"_level":10},"_damage":{"_value":128.1578826904297,"_level":12},"_durability":{"_value":0.35736843943595889,"_level":15},"_health":{"_value":2936.842041015625,"_level":11},"_luck":{"_value":2.5789475440979006,"_level":15},"_currentUpgradePrice":{"_value":78974.8203125}}