{"_currentLevel":{"_value":0},"_currentLevelStage":{"_value":1},"_money":{"_value":588681},"_crystals":{"_value":20},"_armor":{"_value":0.40368419885635378,"_level":17},"_aura":{"_value":168.57894897460938,"_level":16},"_damage":{"_value":169.2105255126953,"_level":16},"_durability":{"_value":0.44999998807907107,"_level":20},"_health":{"_value":4226.31591796875,"_level":16},"_luck":{"_value":2.789473533630371,"_level":17},"_currentUpgradePrice":{"_value":941236.5}}